X1,X2,X3,X4,X5,X6
0.3827818341705122,-1.7933790524230522,0.3647585269993623,-1.047101774740521,-1.0885319211021196,-0.0998231541146443
-0.3732220571341087,-0.9543044010503339,-0.37659484269993315,-0.09651821427163715,1.4342118151076773,-0.7028315122010411
-0.0993808033391565,-0.3016409257571249,0.29926975842686665,-0.5745218126063263,-1.6256628750071922,-0.2802543975245521
0.37269399474781345,-0.9062667828499433,-0.21346106150142952,-0.7776021408526151,-0.6516590510709437,-0.427025723364027
-0.11003752699127654,-0.39911346293063277,0.020045185896203764,-0.6058830784674956,0.6929166372348409,-0.15265861519254764
-1.264487262588075,0.3882458754067919,0.19774230935517761,0.9885199636819514,-0.6620326904318437,0.11827022333639424
-0.08445879241969256,0.9333425101909779,0.0679154350705323,-0.12923675721340455,-0.90171052413744,-0.3894512010847782
-1.4077734222069227,0.49660986928023665,-1.2773809656457713,-0.6290542544541585,-0.1270861795716171,-1.3171932100575985
-1.268934186214902,1.2117505398072947,-1.3548404519521993,-0.8616439992081054,-0.07613834847901932,-0.46788956482788446
-0.5259765210353017,-0.17188178683205335,-1.2037920576712264,1.3584340102413726,-0.03674517207540745,1.1100987050030604
0.7678120722250239,0.30659154470248584,0.14443233400282132,0.7463029996058079,-0.0800088475288668,-0.3055222354332203
-0.10488675759616359,0.06820948828591343,-0.3139368243545228,1.1079942962183085,1.335193480185261,0.0074224833951151425
0.15447139679567576,0.6163702552363448,-1.7320077715876037,0.9334506718106391,-0.362229176637379,-0.768204866894243
0.18400030176524587,1.4538932587554032,-1.6793744093103342,-0.3200662362566138,-0.7848082156448631,-0.319545605768912
0.10687016468182346,0.07328766387385736,-1.9704652811485495,1.9324548202607954,-0.8243058359781399,-0.4688436632903007
0.60882327850006,0.05968662447196762,0.04400866839280801,1.2360028083322987,0.5976878268095921,-0.623756602794573
0.22087510707295657,-1.3548850431736792,-1.0664774522125307,0.39482105012970325,0.265299001028986,1.5771085038386308
-0.3956544066043281,-1.8068224240268689,-0.21409310934556677,-0.6900495325539483,0.5796182299234652,-0.2298827273763662
-0.6995618517178297,-0.4216785052657612,0.5314274738787517,-0.5598672330744003,1.2704598919547652,-1.2065025681162491
-1.0831250838255209,0.1587013873187151,0.7904708052766383,-0.13691211072298232,0.22340979688700613,-0.6836809496515274
-0.7069220016175118,-0.8811046233308457,0.05507452559697976,0.6809221118739753,0.9199192662656724,-1.9784961002306456
-0.3457150945743385,-0.7432450626183158,0.43748966600823785,0.3145715698550939,1.0075795025200749,-1.1459445796145822
-1.376283355337468,-0.7996630408750952,-0.39147595412417613,-1.5285334331026692,-0.6607943638930875,1.3849744436309954
-1.394930270892086,0.041447588379990984,-1.7854665218542112,-0.568784005489647,0.31596601409695424,0.7898302710340828
0.7580593687815753,1.1444203318577406,-2.3805235653417114,0.041122154438074404,0.5574194357665241,0.004679977486256669
2.249865768042614,0.6516324175152256,-0.6054912172497664,1.4206411037295668,0.2473036073621988,0.24917157320855424
0.573909348967078,-0.0800569531466221,0.17271108271996313,0.5220406869853081,-0.2387371888308426,0.8819777538020732
0.1529058580594575,0.42846916591855577,1.9489436384771053,0.7891867841696815,-0.23103427255756842,1.4622618733769868
-0.07928101302658759,-0.06057782714158277,0.18627017273135582,0.9068025164604473,0.6511825901791874,0.1543637266979362
-0.6704856144643891,-0.24726692028131894,-0.884436467924947,-0.21943161362054875,1.644220629930207,-0.23314360502361978
0.6716919806387206,-0.7700403959777652,0.46770848328996234,0.8066831951098058,1.665963831094506,0.7421746307578622
-1.5798539042884392,0.6332864026431448,0.7950897161575621,0.010376882275778692,-1.8682971601505334,1.0260872757244566
-1.875846602182358,0.5643111491471409,1.5727026116111664,1.4069008900567224,-0.37663579870659114,0.06522165878223721
-0.28510604323437533,1.7395908974768626,-0.046800382851813614,-0.2048860447743319,0.3194381381102417,-1.1231463611028876
0.7972012681979274,1.7178806321630251,-1.0053552123523968,0.9331296871956754,-1.4707376660739087,0.13031943824612086
0.006800346393641036,0.29087500104363306,-1.0309597739345615,1.2042532551729082,-2.0132118257971263,-0.21922947701500126
-0.6260759783458194,0.3973632019866493,-1.5236759189909752,1.075836605781421,-0.49603656754890774,0.9420323675540876
1.23294522841666,0.10152946710256257,-0.5609536718884274,0.974650940968742,-0.6111924888409973,-0.9942951687727426
0.4268918823960061,-1.072609331803513,-0.3428240659706782,-0.25976685772705865,-0.3974384037890053,0.5589250616347125
0.48673371393056264,0.4831530308102718,0.25961265233227593,-1.328308292776025,1.1915199891425468,0.0839438101946452
0.14561884889140836,0.04417641176488179,0.3895874204717733,0.3626060594113782,0.19483597100108527,-0.3446982864206785
0.6776257693403256,-0.6036546351191726,0.027198784034337696,0.07679521876797465,1.6347005459450592,0.7029489956517097
0.22106507513130577,-0.26695696084476833,-0.47512711399037627,0.9667837232569755,1.088556157738859,1.1054348228416662
-0.6805560234899536,0.16307750860092546,0.19967704083497675,0.8786336301247348,1.3375867307933278,0.33499532449610103
-0.6722072226054994,0.6555802297838887,-0.7454521118009964,1.610252355102051,0.7925675237138503,-0.4966988746430206
0.2904669044412802,0.7873325807878699,0.6784473170351676,1.6522221085305024,0.8119846571481459,0.19042930358618088
-0.982313392619575,1.0338458128048262,0.5545352576087536,0.47847198548651826,1.0245685562563336,-0.10313651901315281
0.26609634487067313,0.8217762339970497,0.5990270848693288,-0.04900157564796122,1.2859758992344017,0.7299127332341904
-0.5603662822305562,1.0418500995120652,-0.22410259359845253,1.2605611984781795,-0.6522999098691412,-0.5749669621398819
0.8773589902047529,0.19890627679690862,0.4474515859178581,0.46075174354685167,-0.12697841858072526,2.10256788844594
-0.8074310747216878,0.7653440807842994,0.06711194043135012,0.28901749730000115,-0.8124915884924054,0.1877236722746167
0.833423866217028,0.8487688196042142,-0.5358190790876766,0.4138365922892262,-1.5811730151198398,2.6699060731702446
0.7097892126816757,-0.8979444696419053,0.23387492425927164,1.0221687860774205,-0.2191976049476032,0.9483931665163912
-0.36772561375391943,-0.7137194063522039,-1.1378092533793276,1.1555321854544907,1.6861076381109072,0.8283401992138673
0.24374078418101078,-1.3221487753150818,-0.5133256478923436,-1.1278584769107487,-0.5125043641188308,1.0321702007557894
0.6355878928339288,-0.29720291848493646,1.6190906198608506,-0.07370762181965293,-2.085052767082825,0.3248884014484213
1.052437414762321,0.0003380687980664451,1.611312258411683,-1.5876643463137,0.3498707406475792,-1.2887982401790306
0.47486883856273976,1.6890633377608224,0.9958255879511688,-0.662671827526602,1.0917459162549725,-1.0407559811621288
-0.1702626292771499,1.2861971219067503,-0.3387960146743475,-0.657546266977117,2.1414294570662094,-1.8502508738962118
0.3402117955443818,1.322892393287658,0.004441509987768025,-0.6491471276259967,1.2468925907678168,-1.4752702881405102
1.5107737085782544,1.7065135395854798,-0.8602637254372515,0.8066580803719379,-0.47785433661579535,-0.26861617323962494
0.03208800496104352,-0.09024440912845537,0.179144060925381,-0.5807100551893997,-0.09076740285368112,-0.4223047809676785
-0.6999153069027063,0.45062590624990057,0.6818749428670611,-0.5150261485965494,-0.10371679574393232,-0.031682196201886524
0.5493772914378096,0.28405808720839093,-1.9818453647252412,-2.725598458006509,-0.9895097326577709,-1.284557230051114
0.19047966822223764,-0.5893469352720898,-1.737825787893118,0.4350197964378257,-1.404878359598638,0.20968143181407337
0.20874620830977675,0.3620670826562464,0.17981814374542016,-0.037287679907523255,0.4190996480482993,-0.6827811211900798
-0.8049443271628082,0.27199610620354253,0.5539655884941362,0.030692454979106016,0.28045784666971846,-0.3802599122817416
0.3036483727029423,-0.2998152894007831,-0.8779759771761163,-0.10420697001741264,1.9970219505083922,0.6114286444272615
0.8854377043363884,0.0410104695819201,-0.9679813644067058,-1.051117693895921,1.2956885639141087,1.0482825830529108
1.2204676778617372,0.13028576694811722,-0.665973887463904,-0.18174975718894626,-0.20670801869377348,0.9461885700193179
0.9199791093130795,-0.20948682481372846,0.17858807010079722,-1.9726944304188578,0.4792848097728064,-0.7975807314352178
-0.6707595823761121,-0.07756767143679637,1.0877015107609278,-1.2411026383892092,1.8352374666143298,1.4625673137979367
0.17867046603507844,0.6995398580396136,0.8683975892791409,0.8364546918176973,0.1350865568343274,-1.2313455848387742
-0.25197734525480425,1.1680796372985573,-0.5498785709493605,2.0840314251123346,-1.1037931198634137,-2.4703874928321907
-0.9736585648582334,1.9813769065624232,0.43814985663576084,1.36860617318469,-0.30698353334327205,0.14686804503346937
-1.0787925894839878,1.2395609311075448,0.0016168504721065932,-0.26488635664162835,0.5541929935776275,0.37754178735394567
-0.7278248963664065,1.400512821913229,0.4507767401132506,-0.3158247616383843,0.7916293216163375,1.275589379716685
-0.7628185370126904,1.3974220602626488,-0.09873997199261474,-0.47945964704877864,0.016258496984410252,-0.7384546984414873
0.06787829072698544,0.5815635068522704,-1.158059881162796,0.4990400570293682,0.4104070249494732,-0.6137671050590188
-0.4111833823781276,0.8889554351341711,-0.11167243015500107,-1.0805837650683368,0.9795555818518455,-1.830863740203821
0.34477470369158597,0.4159637447601767,-0.2256199021065403,0.6199967336807597,1.5849232631179273,1.4625783058247974
0.8533784613427747,0.41870743160834467,-1.3050009761638088,-0.027459112021690147,0.7452135803149433,-0.521374157114618
0.003458258937169057,-0.11152337348347012,0.9789844653156285,-0.02771564091838771,-0.6194362226246284,-0.370594832685405
-1.0722749733064623,0.47689106192781394,1.822910524195722,0.8308824828717163,0.7131039432487493,-0.6980240572206518
-1.33386979843208,0.2545660391364667,0.7886082355991064,0.11462395787200381,0.583495288000629,0.673323242206848
-0.448346365929565,1.7598172690523033,-0.6780983026308032,0.6842796635816787,0.45563432941293336,1.299985978315773
-0.02794920170279126,0.5862374307407436,-0.8819329693100545,0.08242529567704518,-1.0044818353524514,1.038062824775162
-0.39432857909406627,1.0153684452015812,1.430998249735399,-0.09130408645621307,0.03904777471882181,0.415830798234786
-1.179382397078044,0.1702406463771558,1.7459231617351056,-0.7270473295734463,-0.2932044454202593,-0.03193248003871261
-1.9465336770516781,0.2417172993932754,0.4590051342100237,0.33556688336074664,0.07292325318167586,-1.257699192807763
-1.1944674874896575,0.3264444059779893,-0.4654965301091943,0.6589663868262353,0.694104185058327,-2.4102119623937814
0.3357054166457478,-0.6325897186315269,-1.9720126482665132,0.16146198192283712,-0.9464233134529659,-1.2203253353938335
1.2566791513660474,-0.4579828511067957,-0.39560737496075177,1.3633729111953061,0.5037217849114964,-1.075622321630492
-0.17996312027086922,-0.5857103979610674,1.5721149162551842,-0.008196756211220261,-0.4629095743244455,-0.38409391361606954
0.8302430985482345,-0.0038915678914491704,1.0796977950256903,-0.3969327850802612,0.3276722640078507,0.3269287500969302
0.9109512520203685,-1.5782195064903277,0.42455175603117035,-0.7148282061594858,0.2680540716070278,-0.23833854646690908
0.3432321368710593,-0.8012505213339915,1.2757104015095007,-0.3944743306408741,-0.45838726127168944,-0.11569086899220281
1.0870291579709395,-1.3441257196971366,1.373858654332713,-1.7146711582232332,-0.7485029947674147,0.8786830705179888
1.65600801081389,-1.2871227360381987,0.7517315843485075,0.8188227201166249,0.4326487677334785,-0.5665135400602541
1.2160427098918913,-1.4320814195483897,0.22126878082077606,-1.3353986122060422,0.682990191053847,1.105127866360681
1.5237612707656527,-2.1496595305721384,1.099045980896663,-2.246570062692324,0.16792752327246283,1.3994284150062999
1.5810259282072208,-1.3007926302703998,1.1449517234556292,-1.4868941843424615,-0.3979314130946553,1.1800504080025742
0.8667805702075013,-2.1745420063137457,2.402072108028303,1.0246239622592408,-1.766715482422196,0.28997056920512254
1.325193523813081,-1.3480034357546484,0.8333022914626337,-0.3847985330091446,-1.0386272484315888,0.22455113547700783
0.49999513892128883,-0.7195813340524235,0.1581058715576549,0.783002318019093,0.1587581647862828,1.3278472306826496
0.8222746736374512,-1.0114254327536034,0.47069903706113647,0.97438329695047,-0.7930533406563041,-0.4962678611370948
1.5643266833907221,-0.660667286051446,0.2987161931670079,-0.16713216262619496,-2.0039988413171557,-0.4180615174538764
1.2065498869769609,-0.5123062028917228,0.37748928264333304,0.2668484571853061,-2.140794638726286,0.15561749078770146
1.7346980756606099,-2.3148442718566415,0.21769575511554093,-0.5950071869152562,-0.7360623736746376,0.18127605983672643
0.8238594201140902,-2.0549639178344976,0.6828749494986712,-0.8083055892318789,-1.1866684245452914,0.03475253697451781
1.0194706325722052,-1.1948076267567727,0.4336706711190614,0.3669509966121991,-0.9177200074349366,-0.9917738611825666
0.998917587904153,-1.39722825239841,2.2556546443871035,-0.568997598410095,-0.3320925253220733,0.05797059332912837
0.9386037404743387,-0.8439600397372403,1.305098307591993,-0.7393259335910275,-0.21383714575621238,0.07262507027773689
-0.39780305330144444,0.20369997584861477,0.4117221271349062,-0.7830880873025102,-0.9593944231158781,-0.38933531825777884
1.2010931312989503,0.4081262781758809,0.752893127364966,-0.054126958076734365,-0.9469985625597246,-0.6225922956235996
1.5607646637209904,-0.23527707757127778,-0.6360261754836819,0.15263293185060456,-1.792479947609477,1.2905235382289486
1.4070705428967942,-1.2420189088159361,0.5243574996486141,-0.7290003085304075,-1.202068365410817,1.576030811424422
1.9352175789386108,-2.2901688638541464,-0.09059639242279509,-1.1576755763153,1.4677255007974348,0.4596818525187551
1.5461646622807668,-1.9647603348028804,1.5059621946465769,-0.378167031138351,-1.179776775607578,-0.8858887359283467
0.369219679587203,-2.230206826262933,0.6991779202047097,-2.0380603987884176,-0.9145433330589242,-0.06784367949720986
1.4261316901912244,-1.5765114370349413,1.420018876241146,-2.6506240272100983,0.8496809462449323,1.75410457759033
0.22958358484832075,-1.2616008223018016,0.9862965720001518,-3.3068149082387537,1.237016991140815,0.11402694702902201
-1.0053951683893798,-1.4286487714200753,1.8323294640741705,-0.9882795932206503,-1.1087824149815695,-1.3921011618026322
0.13105778371049537,-0.3844095849672557,0.2732259215381262,-0.8158699840222073,-0.748685630711413,-2.7607524948883984
0.6337991319540335,0.006112089831297919,-0.8354305483626319,0.22336058373698975,1.461520607898032,-2.4077236512034705
0.6936465849192006,-0.4108202019288582,-0.3085170141429802,-0.47952703689147247,2.308892783178512,-1.346474779208736
0.2884656184642535,-0.9935382483399579,1.0305934088345992,-2.2101385458906546,-0.33970626939592075,-0.6916853150733862
0.5289462713280957,-0.5826132618629828,1.4399175730811813,-1.1756887161370588,-0.8774934116669556,-0.4319891049746777
0.5867036219851968,-0.7877050762628404,0.30605210145792233,-0.3384509699667892,0.5645592600063765,-1.8299529002890438
0.9850863244799775,-0.6403737223054291,0.3075909840839771,-0.6527955213608003,0.7723446487395597,-1.0816828154830695
-0.4495149893664348,-0.3932998162165582,-0.659501270915083,0.9596190149838176,0.28949538524196744,-0.15298827863289968
-0.8977284343789692,-1.1650737911733982,-0.09627469749476146,-0.6289283901228938,0.28001862815732204,0.33150133985583563
0.5563724797815475,-1.6130699999666351,-0.8557101128222151,0.5580188865654799,0.4915511929010947,1.0509480669941051
-0.04515266988665269,-0.6607982145731615,-0.08936569433635953,-1.5179326646256557,-0.5032579712269003,0.22764671585104845
0.7752942994508576,-0.7416058056869202,0.6736120552932888,-1.446990647726874,-1.1262019609387648,0.7466744950034766
-0.7643248734253569,-0.4188632896694795,-0.18018936182202852,-0.27821204613345435,-1.5389602541799967,-1.5202246369008723
-1.9073707078169506,-0.3061659268954912,1.1913366648352104,0.4510095870530524,-0.24507874315003558,-1.0144595350202885
-0.5485700095165312,0.13902253793725214,0.9946038903877037,1.165625371893007,0.5139559273346742,-0.049685903504302055
-0.2535309565275642,0.6730364779448783,-0.11259521451297802,-0.38900844109261284,-0.7127914524677613,1.4074298178354985
-0.48389116840747737,-0.2839300403404212,0.7613194257195635,1.2619735637795697,0.14309076840469317,-0.3195374040126753
0.7101192867638411,0.7823555505849551,1.1448108202520673,0.025903902755566328,0.15486948927897057,-0.47922552592655987
0.513297913559882,-0.20260615581689348,-0.33587267624433736,-0.18157268243609817,-0.13861930521065585,1.0850992348222823
0.7009044787131552,-1.01877411410052,0.8936032459540434,-1.4671048515199814,0.37282698149174487,0.07137763871282242
0.6150397657116407,-1.18889852369314,-0.2804528393372397,0.5386481933300694,-2.2212287154786905,-0.8322853003836973
1.4673409604955125,-0.7514385348671572,0.11891629639092105,-1.0622347344664187,-2.1259205683686537,-0.26454518682196193
0.4822057014944719,-0.49849236858082985,0.8309308184985249,-2.1311409319632837,-1.7047382796886295,-0.5013180766233472
0.8857381512754017,-0.28616149105346667,0.055748134824973206,-1.0679937276387825,-0.9766950973815816,-0.6378607143792313
1.1922374383812602,-0.7664323295633497,0.28197141821004335,-2.4907932290188133,-0.46213055622153326,-0.8436490515819991
0.5576724661654916,-1.2989395955179384,-0.02937413820498845,-2.134440559271504,-0.6961110661899331,1.3576012993782518
-1.0304868415198147,-1.6522540327659172,0.4646559318313677,-1.994529168586645,0.6284469412089668,-1.826506984484261
0.9221808738439778,-0.7802719491662016,-0.9298445562850505,-3.1896362856135534,-0.6269192471299849,-1.7829759543032402
1.213848361011337,-1.0864947465346309,1.543768298010688,-0.5690865649362704,-0.5062927197017703,-1.644388880216493
2.222468183856377,-1.2910686518278824,1.5449143567078987,0.6698099556782843,-1.058109337190221,-1.0488435978204367
0.4802983189265617,-0.36336457263061095,2.2083997175976697,0.1619011649641421,-0.38028557431991444,-1.5241698413289981
1.18143294199376,0.605009692734205,2.3044292875174444,1.1890383513151384,0.04442131892297218,-1.1350538044003704
0.21218311750551436,-0.4744473982519295,0.7088914176223542,1.20331712021324,-1.738614610131005,-0.24042265145627206
-0.10031659766276166,-0.5417811238936777,-0.22898481301806325,-0.03674605542176073,-1.2671267659017758,0.4407582473990842
-0.8000329071269846,0.5081275075218551,-1.0312554595816688,-0.9517516708907324,-0.08731391524560538,-0.09532963022890299
-0.26997569124031723,-0.4077062081180758,-0.506170502507255,0.5966031538272418,-0.8480181905156354,0.48765821907167506
-1.0345606446385505,-0.09912250466476687,-0.6298127566971937,0.05826353067601831,-1.325829456251196,-0.7591972892777775
-0.22472356904813884,-1.1835517785456922,0.2077538157101775,-0.4383898337657443,-0.07036159166735276,-0.9807275606587904
-1.9046753751044943,-0.015589613703837733,0.20371721872213155,-0.638127110719559,0.7547816834154805,-0.2749648736138
-0.7842223943145896,0.05854382940391583,-0.7849358613039672,0.7337165847783961,-0.4982225115820435,1.6528008582934681
-0.6270595287627857,0.1272176141566138,-1.2463661007400135,0.26417787816555455,0.045852672272829624,0.6354827512179493
-0.16508187776980374,-0.849707438615792,-1.5099307895044154,0.4795841861429561,0.9704230094002612,-1.30241491545235
0.32961626546505035,0.5586170985154725,-1.9876365700261283,1.3060208860957374,-0.3747202209988112,-0.3578670005945525
0.12168328555846855,0.9059201038303888,-0.2060322538453614,0.6974472375806531,-0.30549753262965007,-1.3748831233178749
0.341796233495017,-0.3983625824856416,-0.07350274704322243,-1.1565191810925226,1.2813066301530216,0.846453586395324
2.286395755031421,-0.8948457134791014,-0.02699419199004412,-1.5872997362361112,1.5964092820260194,0.23723147229387262
3.109553652982971,-0.3978719036590377,0.7116115293014965,-0.3383818129540322,-0.31883394076387367,0.2661932581687901
1.3441686796417305,-1.1370098896613428,1.62001289403954,-1.277582663206448,-0.6512559235681117,-0.637226062153863
1.3342617931992062,-1.5290802882319185,1.8745462896299625,-1.5842659906345908,0.017141045581468003,1.8150292166441395
0.6237319709006127,-0.8333478394683971,0.3444258051940061,-1.6191184084707622,1.2060969224330815,0.7161211752725878
1.4958577073323527,-0.6671170865920532,0.1519926865353452,-0.7509669149814083,-0.10547674785476169,0.5003797355314304
0.7339748256847535,-0.013558856680893901,-0.2623531986453585,-0.7194723764159541,-0.7796714745599044,-0.7655291072960779
0.2894170305761808,0.49039307491488177,0.5473064615764087,0.7853701905873932,-0.5133775483950904,-1.9896708708496034
-0.8339490345104615,0.1731041506702513,1.3954937035313717,0.39186139378921925,-1.6196451355768025,-0.6699460065104131
-0.3473069425866975,0.2490783875330889,1.3230472340259687,0.39856481383765124,-1.2483291523153814,-0.8152041340278976
-0.5849615317563236,0.04663247506013504,0.49898136734458665,-0.221705832546941,-1.0135581564255476,0.3099688173993073
0.22091731338335266,0.02878685203474732,-0.7530619997081771,-0.35270247846314734,1.438004033081461,-0.7307430192191386
-0.8621328950258907,0.7574046462932027,-1.3171286422505293,-0.4023117314510383,1.3981804373846975,0.5337429187335001
-1.948498107500888,0.6954681306587931,-0.7453648856645676,-1.0901435471846705,1.1986993834574602,-0.46296731522524776
-0.5818895916897463,0.33187384620765864,-0.042200824226618826,0.6913609273498336,1.0558436068663308,1.7504090982464566
0.1329248322466247,0.3781599001956724,-0.33107288409858093,0.6411414925354036,1.249067216356696,-1.9053789330465722
0.3125997382356231,1.3173695665409193,0.38487510971776656,-0.13920278034767997,2.7895586991570287,0.5021419531187458
1.3412312123142325,1.2655760447139683,0.10869186046154768,-0.8358699898007227,1.4941582327210423,0.9575384245117747
0.06533216962396403,0.040924349793784724,0.9880743563998465,-0.25245129416343515,2.0529400134407614,-0.09314015955355605
0.10420747921062044,0.039810570925735124,1.414535979316375,0.6062939700429824,-0.846296077787577,-0.707089771401156
-0.22673888001038317,0.009733074386014093,0.7212228419901598,1.363254520809248,-1.126708884265102,0.3558854156207743
-0.38153404718061257,-0.08272323718325841,-0.6792599138147363,-0.11014312538677405,-1.2701219305601,0.8113486958874584
0.5804433364306532,0.42900093205264306,0.3325958355673616,-0.6373720139784854,0.09405656361019922,0.08077997029479979
-1.2160933963692155,0.5703975362875284,-0.3869777210419047,0.6396911099392143,0.01960420782850173,-0.12517296373241982
-1.8929479935905305,0.7296938476640155,0.37819535866756765,0.5985898336753709,1.0138069880459009,-0.6097195223944938
-2.580223575962743,0.41111315697604284,-0.9426008057292248,-0.22156688752800208,0.5476338627226395,1.5639764127275317
-2.1363787839576296,0.8306703194324384,-1.4098289509507727,-0.646563090404226,-0.40140453172251817,1.300608709695638
-0.20460381659338442,1.0466959648373775,-1.5096997357671997,1.0292745727880195,0.35611381108823326,0.21042771842145286
0.09952744027542366,1.08060588108108,-1.8535457809478235,1.2534215324774767,-0.3695020492367828,-0.4706320659554836
0.04699573154377584,0.06995965047882088,-0.2044485025661841,0.2602949802669504,-0.683607916649981,0.785968678223161
0.3543019539070201,0.8110009694596378,1.0784821481873925,-0.6444202137310173,-0.07338471691598467,-0.1797998708266887
-0.3349020788070723,1.151953142147927,0.7942644498487155,0.4206250592470169,0.7567540596042234,-0.22050998682318548
1.2029796749607313,-0.0021597914481605754,1.055976618624005,0.12457836182684437,-0.038663248326466636,1.459613224627676
0.5656043368434476,0.527483658937927,-0.2189572756913135,-0.5247715234795903,1.1646707578133944,0.906948619359681
0.23048069132071508,0.048657344322048365,0.8950682118406905,0.8234016430488873,0.7224321812778559,0.8887668499087747
0.15148276888818454,-0.18350949980172268,1.496762201168384,-1.545044038007406,0.9057376140714924,0.11163180773526785
0.27618391146598437,-0.17645639109609954,0.22272231514934118,0.028894794954422712,-0.869055336080942,-0.4798983821605811
-0.1951770725218255,1.1002896070563206,0.1680574409649536,-0.06215362744565724,-1.5015674905969985,-0.5800705284422399
0.3672422386544594,-0.35151020707828384,0.22224393601563652,0.546474884226111,-0.21822077345529506,0.6483022406155047
1.4930342523465125,-0.46455273593306684,0.022674838442893402,-0.5341536122441187,0.4373882143891242,0.08015353376247214
0.7195297387254611,0.27081846116758457,0.011874011726802336,-0.5154109208514212,0.2420359038215522,0.28724273362407565
0.8524662440939719,-0.21832575141633798,0.51115963107399,0.9441974612706934,-0.4907494618266933,-0.06876666621588583
0.6687363689223094,0.5915731726210836,0.07305722744596815,-0.022725147665027014,-0.6868251703113596,0.4392065875266362
0.7224523557189689,-0.10032101621869555,0.44742815133950614,2.0934923512609354,-0.0025712585809869117,-1.1660025435210957
-1.2687719898817753,-1.3223793460771467,0.09577184142209452,-0.7188648377898371,-0.012396112529883827,-1.5054382767904735
-0.42682311863298705,-1.0956991718131746,0.6682601850034392,-0.6291794486087835,-0.9781145773879175,1.764240371762259
-1.0901195076028651,-0.22582672290664665,-1.2928399845316643,0.1980398621073983,0.4109275371229991,0.07715630647612617
-1.9997271524582838,0.2640089952082621,0.6183599567396851,-0.8121129302077426,0.4465859163302133,0.49898551704399463
-0.9233988387848333,-0.46695569302807566,-0.34102965642224625,-0.7399560732830472,0.6014856896538606,-1.2981303238661628
-0.9664800948080858,-0.09844184736014103,-2.131244583974705,-1.2987759729751958,0.5336083833238345,0.40777595929585236
-0.5030474418060951,1.9365910611083126,-1.1407480478275538,-1.4969224161289854,0.4604431545848789,-0.8001874023796183
-2.2714371086640535,2.2547121636171292,-1.6416826473176276,-0.5864164595783636,1.6049244663655142,-1.2279936714235138
-1.8605999075964919,1.9888192636209263,0.4937288999706023,-1.0126957087196757,-0.3280455074251507,-1.388186498209689
-0.794193874706382,1.460749759366057,0.17712264827305513,-0.8855387388138775,0.1719299669445774,0.6149995266428696
-1.9876117679670118,1.68833648162118,-1.318997756818341,0.45652590549326777,-0.6781482555769451,0.2801454315551481
-0.25915853806011147,1.064663728881321,0.37455290219751225,-0.16225321857181949,0.9167011122380144,-1.2371460788563438
0.5379717521620204,1.4199349399336054,-1.1941232514900193,1.6560213293774733,0.1725919451904198,-1.3500880105452189
0.3001575884195136,1.085477694864259,-0.5994536370484984,1.769798366112828,1.268672102068285,0.25830792154632576
0.4732039424947887,0.4394022902247328,0.29271795041011567,2.1529590355389514,0.20731262867723588,0.4312739518257189
0.5571017985929052,-0.8286730400554306,0.9883828013959849,0.803627658070564,0.42829195410080906,0.16849299141703003
-0.3049252262496848,0.32957096144517084,-0.2642901118568209,0.7929317599056296,1.3993189398940546,0.8218052930123246
-1.4585168410877307,-0.5488527076912296,0.3856576440310049,1.2518343264308887,-0.5989456599386151,0.7567565658197735
-0.596779545595703,-0.8914672409543475,0.16583589826121317,-0.5039810192371463,-1.6393145172920627,1.9243313988593456
-1.008996954920159,-1.1834615806501534,-1.6023023964139012,1.1687176945474802,0.039164290467609005,1.333681988319729
-1.2294672151626016,-0.07309225380687494,-0.8627053919939275,0.5275423381860919,-1.2464453761562932,0.7397152985998474
-0.37104028154484037,-0.35057975553769416,-1.4954290804713568,-0.0015182986761179415,-1.772908106705489,0.30376964256059646
-0.3976391017808938,1.0143894629201975,-1.9002116356528909,-0.4406336160335857,0.4522312221487996,-1.2238026964219473
0.05453936598221155,0.5541572332128082,-0.513067757336066,0.19443950141824615,1.0528384265267432,-3.150089206291383
-0.26734052128405955,-1.1742180966726772,-0.6274346807804564,-0.34832292080605615,0.614081959746502,0.43477307141242544
0.39936828760602766,0.1344039409268404,0.23193011480468043,-0.7728390464269965,1.8894579435401968,0.7078631968599502
0.7305198542589983,0.6241307497236454,-0.3044256843013031,-0.6469653418216053,0.31887136841629665,-1.1544650509291416
0.6363633125197096,0.7757067812806056,-0.33201982229109167,-0.025347553856632447,0.864694164404547,-0.7126910212607794
0.556210202276699,-0.8396222311215675,-0.2418481255292064,1.13122203267737,-0.04137105946072177,-0.921229296865559
1.3718343295215243,-1.4729367010618646,0.15290946396822566,0.18759411216388125,1.4355450628350772,-0.5677940866411644
0.8361249635440554,-0.4113153974298968,-0.4660182200980275,-2.0352392872891842,1.3512205806400868,-0.21117560612738998
0.9617204344967805,-1.0138164031971673,-0.6118433607251333,-0.36952054163232556,-0.5365412292479402,0.6690810685420134
1.9122832819142892,-1.5569094824804492,0.8745322930074579,-0.37221948464192567,1.466523574652602,-0.5469148736850435
0.18687149856805324,-2.537796681396615,1.389004945141195,-1.1303326277217223,0.8388590433231615,-1.250576348984637
0.21856466517699916,-3.375499953234439,1.5687953940514765,-0.6316815318609843,-0.31984884423948123,-0.07212380038831287
-0.13975103651069434,-1.8192989716325598,0.3229348472956576,-2.2553710027087335,0.37012378497643345,-2.048740118192322
0.8849259662043526,-2.3508900000327704,-1.3935826091966832,-1.1785804757686897,-1.0429942083651043,-0.29049886578375533
-0.27765183191269266,-0.33162719733921103,0.2930410950259044,-2.2114419763773125,1.041334254200651,-1.2798491537464487
0.4200598603293442,-0.4996573999544664,0.6110367955156872,-0.5169646904039763,-0.10383354186085138,-0.53677001890924
1.0889930232441816,-0.2920255584116104,-0.9345571569682027,-0.7837733129227618,-1.2121029741335563,-1.0001039398645284
0.5484360697650857,-0.8662002659249519,-0.8294829589117113,1.1819069805161122,-1.1029454124864426,-0.05806417235227425
0.19205133284017978,-0.34905028173102093,0.9475722295361776,0.34066234797431855,0.07377051412601071,-1.0656835554954962
-0.170730407063692,0.029610215396926105,0.5612650593313353,-1.4473871511895775,-0.30947775720250564,-1.0397074608129653
-0.20062078627262284,-0.42479423469095107,0.29521644023484184,-0.7747699230230002,-0.4356944683164189,-1.1071238218247157
0.4631563344180665,-0.7655160980564983,-0.3773938101368289,1.5909161926373765,-0.3183451371981849,-0.7475041616985314
0.019398145738495912,-1.2692451341634623,-0.2586295067755269,0.6143757322938056,-3.09729673414767,0.3630948955838447
0.6660406899654089,-1.1140819188156263,-0.7992596748811309,-1.9000498610823862,-2.3704140859211065,1.1362517845720512
1.3471041100946697,-0.9040558416904221,0.1769871590418299,-1.8527585263643305,-1.9973033752801068,1.4844346018098884
1.5812250054685588,-0.29266330075382363,1.1370758364242497,-0.9740989817897268,-2.7858067708697316,-0.5489944179178868
1.6081888251501217,-1.07073120186161,1.4902623441788774,0.08921165050856196,-1.8514704854176895,-0.3805339980249824
0.9202545637400336,-1.8680258426505536,2.018667049434864,-1.3444450314218932,-0.15577461431921466,-0.05054121956289092
0.20222022310581672,-1.7973745818936067,1.7614132133036586,-0.9293367227091053,0.9579630288816573,0.1174495793709293
0.8502596621864819,-0.9920037960154833,1.787342476043226,-1.8468799228829194,-1.5880158174843924,-0.055514717320370964
0.20975200380044373,-1.2316437436957879,2.092276354180386,-2.192801400120533,-1.1985585614279413,0.38664517900934847
0.7251537221098534,-1.2987755762521918,1.4102181968925043,-1.4798968074558039,-2.4361428440902984,-1.6845672119453894
0.9044234427868635,-0.22188980545841694,-0.2835929107953629,-0.7374430632272198,-0.7536624144225289,-0.6505563872219939
1.0644783353542904,-0.2937281236556222,0.07121169564229493,-0.5566353837066668,-0.07883982714606484,-1.665738006219055
-0.6989310878559514,0.08398149699094157,1.2156365322367049,0.20729742366787524,-0.21031731272738166,-2.027927793917538
-0.7604073080376802,-0.31690234436157494,2.1692110069294754,-0.19598453513338965,-0.241576964312876,-1.396710940563354
1.247395320546479,-1.341234796073803,1.8934857534327871,-0.2009403766147136,-2.4071379281625607,-0.24256431462995717
2.0226808598598787,-0.5813840207087572,0.8492175294519017,-0.8393507732711871,-1.1949979572201654,-0.0608110880513478
1.3093092035393112,0.12785686142499647,-0.11007883737580855,-0.3684563630466573,-0.9741157067695958,-1.3281923606035593
1.816443299622555,-1.0206079578205487,0.16997519793573151,-0.837590710457254,-1.0708483139967204,0.6727375997565901
0.7600169023538462,-1.9873209544483512,0.6558048773163051,-1.2569079203338698,-0.336170476946885,0.39060022199021394
0.5892323709230054,-1.1109231129763264,1.040018820206134,-2.2294430785388513,-0.08201960444367956,0.7357578221530124
-0.6298384910971339,0.10527668166226967,0.2585191591529555,-1.6246135085095355,-0.5412376109349232,0.34664709045935477
-0.16268108017296642,0.25357338439769844,-0.437074593417722,0.9214231787076523,-1.072630629900049,0.427599884883475
-0.04323568365195854,0.4921144492525753,-1.377531848154425,0.4294776441535757,-1.188316299694442,0.8662867749861863
-0.3939598935109318,0.42471200459272007,-0.44561122888896176,0.559982666140199,0.29899942609351277,2.3358669457166896
0.10307721512864748,1.6792264884595853,0.35786727947743996,0.7362052101448499,-0.9216836991466035,0.4378537586728608
-0.7839056275813175,1.581177214610756,-2.2255930531729304,-1.0050444848216231,-0.6427656067903428,0.6751314621401088
-1.082351416180598,0.8178690980918623,-0.2860025756023703,1.572523267584953,1.612348557171052,0.9642862107723219
-0.4843226988792901,0.5784306031246554,-1.016760316045235,1.3911176809778194,2.213123661270819,0.4508468805858107
-1.4690040323210767,1.5560743569837345,0.7464262699371342,1.3898613280528387,0.6809266227555123,0.06554803559888474
-0.6570915911122056,2.4117180241725293,0.04489754216240847,0.9271627224474189,0.7262704950955904,0.5116533329236475
0.7634102112843062,0.9975400043686552,-0.13650285206561064,0.8527985519852893,-0.17507514654071835,-0.7196332583269052
0.7013120788821143,0.8786665570112671,0.30537242179484875,1.7152375952906167,-0.019598319186500714,-0.3561460072346792
-0.11326208832214311,-0.9074908844420438,1.1708278607392477,2.05714109911525,-0.6172616132555695,0.6958125167746592
-0.1560544692704027,-0.3306931941068208,1.4916476107755203,-0.2883119185385028,1.0116635540736207,0.5180867947632921
1.3867784206701594,0.9811656421535171,-0.48705268858801404,0.3310044659200632,0.33051493200748155,2.175244995925562
1.8077727541008595,-0.26068380594968343,0.2307695017366749,2.09330733708973,-0.32383629973762434,-0.22934160266683726
1.092489668654731,-0.5774409789514859,-0.6598196186407513,-0.3626556773132351,-0.8274733609821829,-0.6298457370908505
0.37040244437662795,-1.8617867255881202,-1.0853770012624442,1.6998584673069963,0.37370372518482786,0.45500649576494095
0.09295331079192495,-1.9931396938887485,-1.418548397563627,-1.0932438341996231,0.47197942963212114,0.2610127430926492
1.644829294607525,-0.8399656925632207,-0.8913261051784425,-0.21227133065946482,0.7253108510760522,-0.3902168998542868
0.6675714832387611,-0.023902268192774582,-0.8880936316718533,-0.2515887618903207,-0.41598222589440226,0.44391812525599866
1.5898413207257596,-1.9994076855747411,-0.5186488023193433,0.568572388582662,0.38369768672622523,0.01852064159799001
-0.09475207085488395,-2.401882237301575,-0.2361482543315006,0.33710470170708234,1.3963590159766883,1.972392207653228
-0.8989194750633633,-0.8680858325646683,0.7768863537275741,0.9730116300942548,0.19175554589196647,1.919360936798377
-1.252824714376424,0.2562465132380513,-0.3699247378678296,-0.8694147333592332,0.6623257777555569,0.2539018413034465
-0.35774789731687207,-0.1392064479924911,-1.0996527010555035,0.5689369309142598,0.16355624152905207,-0.17992347468196576
-1.3484226130853016,-1.295506664232683,-1.9649495078631904,0.4076599458166413,0.3214816563070261,-0.45605052745227576
-0.2601563060895299,-0.43863615730075606,-0.9438864464564353,0.12668933161842422,0.2965461470439395,1.0773903247100558
-1.4882143531845424,0.623828217696489,-0.8797773737740533,-0.4028525990009557,0.15650055549787636,1.217347129266398
-0.5884177088985001,0.8519305123260856,-0.4141318039231606,0.3808127864226693,1.3721403491336046,0.9125047002140004
-0.15664629508538794,2.5922910700679362,0.22534253675039428,-0.0030731043171531684,0.6919115515855941,-0.1669431369362425
-1.0640728335909855,2.6824641474729134,-0.555778780521464,1.4740498834551152,0.18739935260764215,-0.5691105446277352
0.2263247245853681,1.154576233637027,0.8452899412286687,0.29335602341730393,0.8063028193597951,0.1604558157337776
-0.181490638058162,1.173604028861974,-0.4956024698609545,0.3656583569952474,1.7189253786979013,1.429239775998076
1.0985626991552317,1.4495029799054255,0.4503326990134292,0.8346490207973244,0.5978844125857947,1.7168695626638737
-0.4233254522466082,0.9090753927787556,-0.27607508734744035,1.3611414405530307,3.362666073214936,0.3806698203939676
-1.6434575371752775,0.20339925629249098,1.0468160213015067,0.48925926175581286,0.7447150648230623,1.0212774764223789
-1.0513355906304762,0.17737531591248357,0.6735512399024444,-0.6030648025843777,0.34060326397525903,2.3186662780170155
-2.2274367826506323,1.5855839078378395,-1.7568573227809863,0.12325193942482865,-1.8207048719695427,0.5238997021677719
-1.8336725430736398,0.6562046109706091,-1.7820486208440864,1.9521261224310318,0.28634007936494216,-1.3670708891971453
-2.4809904916754477,0.614712374976429,-2.681231177052061,2.5440426887658387,1.1919393158056437,0.2291460814147719
-3.1171191425682574,0.35057149122101117,-1.0356097965016406,0.1760695491086066,0.9924001906599963,0.7629055005234565
-1.8495153913860385,0.8044192729314518,-1.4162000875463077,-0.9600923253676648,0.6378224693121555,0.3128513127805609
-1.7914783435157708,0.4953542601754069,-1.0989470337273022,0.8891476613329309,1.208969585808409,-1.1531751437127848
-2.386925041331863,1.567137016868543,-1.091117438946807,0.09596270090937861,0.8191481977378279,-1.5400541003226687
-2.5099822048033285,1.3998417684811608,-1.6062403605195907,0.4608141576987626,0.19785718104163613,-0.9025468212028851
-0.657163079132038,1.5567951179669859,-2.388609102837244,2.961103279568784,-1.9578477028317718,0.2932520375129326
-0.12177526971745815,1.1755330067155219,-2.792238962164743,1.350391863909775,0.4191198740454003,0.9515653451275352
0.08956658717592138,0.9417620983567903,-1.4104512727388139,1.6205182848622108,0.48444453819078787,1.4072692477617577
1.1605965421472733,0.0593770067707289,-0.39679481900977404,0.7463381828430423,-0.251771652185201,1.9985625734942891
-0.12242404832905517,-0.12242833445970919,-0.8114948038604587,0.606861407440149,0.9153952819980318,2.4049502345297507
0.3406739323569683,0.6641798572951462,0.5020873227510965,1.0120954130153121,0.7047566171761883,0.006083375659404676
0.20435427661479258,-0.35731909477155077,0.6892607470288736,1.8540187448876542,0.563083910478264,1.3991203510826293
-0.3529733859173072,0.39063505116778113,0.9714358794707478,2.059054476169113,-0.7621122509713868,0.9533629622708563
-0.9399981900481371,0.9642473592900669,0.9221305546828794,-0.4377342325848065,-1.0244217968509783,1.6525448067368929
-0.7874776520979645,0.43298243309812645,0.32862644984627865,1.0644359137651225,0.3563623292632935,-0.6175387798363414
-0.892106745247578,1.6114798409445916,-0.49008374305034874,0.11654812534145431,0.14910305915323172,-0.0053342937171618745
-0.6158287258677223,1.5785569074108479,-1.0953454350556382,1.004379017517443,0.5944956712426323,0.4506726488917222
-0.2571470334813358,0.45334982566842125,-0.6484641179152624,-0.16852225794781758,-0.3587104957561599,-0.009804730520359227
-1.4213489688251377,0.7198195655008137,-1.7175926340637204,-0.6904706947845801,-1.031002337981883,-0.05061450037077945
-0.1271656038331057,0.5161836274744154,-1.7373070140257145,-0.4001490939423647,-0.031942617683188214,-0.6546070010474627
0.15383634401909368,0.15941215065145556,-0.845796768904112,0.41792030354394977,-1.0471396516422233,-0.40063622087171036
0.3158905459582682,0.49723210420706737,-0.528296136929624,-0.1587078300084457,0.8775075785004113,-0.9420207673872885
1.5259825890150194,0.21079847046162967,-0.31250549667659255,0.2843434405160914,1.1842368670361259,1.673729933523214
1.04992648089532,-0.5695696323182206,0.4992925940325308,0.25597600276707977,0.13070240428552646,0.38630923878782997
1.0017467473899426,-0.17482426562277714,1.2421048421582221,0.34888600078382814,-0.23594978309006356,1.045912283689308
0.6265276633643716,-0.9469723393581737,0.5604537559788407,-0.6553746323606334,0.12322825210611739,0.9028204500376779
0.8183260174614123,-1.029602061570731,0.8029932457681599,-0.9867520655430309,0.9921650227648974,1.556439662914945
0.9035214613070759,-1.2916177621576226,1.3502262434565275,1.288591769058611,0.1127407736096594,1.3067782721869
1.533057587402697,-1.61658335592818,0.9049150536854407,0.256568882092883,-0.5340103415531136,1.6098230794412893
-0.04519183329817371,-1.7346260967641038,0.30734941480403544,-1.1843876036936407,-0.9308739802377319,0.8481696887789656
0.6977737555595945,-1.5279654286711128,1.1919678432382275,-1.1537002474663345,-1.4419281668065438,-0.3031912724419789
0.7154407014839,-1.8274541312454773,0.13102243867820343,-0.6068358965913564,-0.33495171331247076,-0.5587083110001618
0.2625389389294591,-0.28634092007871476,1.5511608413055111,-0.7037996113856239,-1.5170697216077633,-1.4339063781036852
-1.1628539818668615,0.27381536181754557,1.8387929995149248,0.06317214358879944,0.14738649888093183,1.918283549303316
-1.0974537875461234,1.3373546461815649,0.8426438175617422,-0.4253375616272088,-0.5413768367399315,-0.036699070773479836
0.8611017520655014,1.3271504659610265,0.9863395428384152,-0.7771978913374197,1.12795471172237,0.3889346192636005
1.0291445854637677,-0.1354520589825409,0.4534288897042293,0.3767161401361382,-0.05495402898795037,-0.014308653395092725
0.49691618246783836,0.07806921359749129,-0.0960538107496193,0.7438698979382219,-1.4944449724386801,-1.0951141366073094
-1.3956703745696581,-1.895907745892322,1.6861123398263664,1.7450987452536404,-1.1908040437525969,-0.5402086400281032
-1.6694576260544254,-0.8020107068261706,0.8397688841164335,-1.1719426909182893,-0.7490249750509176,-1.0932972569228347
-1.016014230230714,0.8593780850563352,0.32712325646024076,-0.4875574317314117,-0.6528695368520445,1.9101043541537854
-0.2826045053529614,-0.5359299942054211,-0.781926599284769,-1.8655970953984296,-0.29811013838892686,-0.14918275620547136
1.5525228975271688,0.8523350620951161,-0.9811431741368015,-0.964971633492073,0.16762760074376118,-1.1145574456996286
0.9480997876061931,0.987040656923495,-1.333291767652373,0.17941990784035344,2.0695825893248876,-1.256822568549236
2.6214384349141024,-1.2377036277587279,-0.6493794005974047,1.6086416720359298,1.3796467565961028,-0.611091099782669
1.5174271475764458,-0.7010451851592612,1.5531671581969677,-0.9693602196804524,0.3717421012808323,0.721997538243068
1.1643769657503718,-0.747272849526366,0.9426616425459876,0.6982409571913893,1.0709466390854172,0.9871034212485537
1.5001572531982337,0.12594913845301528,0.11730029966946338,0.2618227691010529,-0.0024575977282174665,-0.7608359643455523
1.6064172091794766,-0.41408643630865644,0.7161451484420324,0.8016865797926372,-0.25703575174848614,1.1245544494083963
0.4901687557103041,-0.5448068326878048,0.9940659775100568,0.9549721431977576,-1.1520075979375655,1.0727930058907227
0.8111897605816949,-0.28696332157769966,0.6889525502626059,-0.7832243159320548,-0.9624126112765145,0.8650730824049015
0.6003620446522351,-1.3250412810305179,0.9964994303694472,0.12403024481906814,-0.7047807456132273,-0.5374632715305401
0.2846112401489094,-0.9758079408971603,0.2187631663959776,-0.3124797303213902,-2.1948277199578814,-0.40041257418630033
-0.3158951291268911,-0.4584071535345463,-0.4075201698569851,-0.6051442746165422,-1.3849003984494361,-1.8011350717887806
1.1394106259276102,-0.8645519829957123,0.2623882381494395,-0.31619779384658037,-0.8545561250347671,-0.6651946768072953
-0.11638691957534891,0.006731897599170641,-0.46243084557065256,-0.6637954449426837,0.45753329876299714,-0.3754357162917519
1.1877141588428735,0.8683799460065271,0.7232356354559529,0.149192028622256,-0.739402096098375,1.6822582881896166
1.4900131885109773,-0.43873005235425516,0.35784177947194634,-0.9061476072043885,0.9502909522090025,0.47827532434580533
0.8665711141697637,-0.39452295818164285,0.5384790422235087,-0.6532763945494564,-0.03200521922716955,-0.18546633045024594
0.08477237671014644,1.0081051288985003,2.6575508127610687,-2.048733156039503,0.043845302484732396,-0.9054544517480358
-0.15155928186811596,0.6938422843396082,-1.1595220799203236,0.41816470520152954,-1.9089245873636482,-0.35118685211770573
-0.5777201645161807,-0.3272575613995511,-0.5549394091693374,-0.6339104192277202,0.7793407591790144,-2.2988787839581497
-1.5635316135336865,-0.5376573386545532,-0.34937972079010715,0.7713065787436524,-0.018155387442039764,-1.5060712311619884
-1.300523646954607,-0.613529318054946,-0.723186797919098,0.39807599932126536,-0.9120889605705542,-1.225457463438163
-0.2736038857324528,-0.6552775951586237,-1.009676251238519,0.11128262041380153,-0.7638786892742282,0.7841232840589205
-0.6984237353820066,1.1362508971443488,-1.1688716234886956,-0.7154548597919149,-1.2916108601558165,0.3351357650350576
-0.7164977601850089,-0.46042028971213506,-2.131228314712815,-1.008377028714248,-0.5038680140855514,0.011638785835524648
-1.172357932683718,-0.17708694963324892,-1.2858217884630951,-0.20119931174095626,-1.2111183836324815,-1.8762761831797428
-0.4935535222706876,1.7402047563611067,-1.2934303345751226,-0.576435707113815,-0.2019051212113772,-2.3397461894091647
0.6291554500290605,0.3186210538501422,-2.5036236757498815,0.18462661996778654,-0.09384855418831059,0.11298498908968287
0.8731381832881315,-0.5122371763217902,-0.6042536079881204,0.8239972121434852,1.992971969323072,-0.8474385237901845
0.933765592076914,-1.1738201333930423,0.12079471295281477,1.2236348227105696,1.8722978611567058,-0.434936649080552
-0.8290747989614905,-1.3236661565126255,0.13223116535691137,0.26052994513187433,2.0696040112220024,1.0799730184839738
0.28824717268876804,-0.5266402148681584,-0.29633698488989557,-1.1166913929307203,2.4793406967249716,0.9221476495704221
0.5419545397282814,-0.03139813001925698,0.05007995225547827,-0.7225259745670995,1.7769163487534738,0.2781491228320235
0.11986367599529628,0.20790086138712066,-0.000114097024720482,1.4118004908586383,0.7178166448378674,0.8722860940856721
-1.2256759364995145,0.7073962758404106,-0.752515930622555,-0.3404828958790806,-1.1180838607134886,-0.29746487765064844
-0.793185833259031,0.4688302601092011,1.478179072017376,0.9564862716393066,-1.2804964204979203,0.4116675246195321
-0.5600913076701167,0.8859052872173254,0.14072461433274158,-0.7950631642635461,1.1886016432310904,0.9739956633230242
0.28393280891583644,1.4337132290647565,0.06512377156906639,-0.5243922021013203,-0.5598015269091838,1.0949761165537522
-0.7957138542146368,0.4355659414921428,-1.0837102205386882,0.9290489575191734,-0.3936721481490444,0.18053184848600884
-0.5860466972638301,-0.6957251619503415,0.05559815927658594,0.34866261296140627,-1.1883682373479352,0.5190258697686309
0.8927044500370879,1.1787525180262208,0.34576533840689233,0.09566856251944583,0.39696803507209066,-0.21505549079105524
0.41261369495656536,0.5605764061607023,-1.3866578434651855,0.9385449860050551,0.9993262412461533,-0.11510367461811882
0.7266599607606204,-0.7522496575276608,0.5287600428556203,1.405570476961562,0.16040564986770228,0.03906148583427292
-0.43089165450556727,-1.1908515599336125,-0.7141877095258007,-0.8446633272986132,0.33628823057856105,-1.065842024011868
-0.4138327990063567,1.1795757142803822,0.4778388839453737,-0.5480763883834203,-0.39891228896617487,-1.776381631493371
-0.20237567300932702,1.3957422502235677,-0.12678043317264823,-0.505744373788618,0.06772222411257428,-1.4577704926269683
0.4944742558014232,0.5465028996717061,0.30902241378101797,-0.49043858253354855,-1.432544846916475,-2.6392532853196857
0.436934504271901,-0.25832665342474553,0.9382838210001576,0.0027544941132470516,-0.4361261078039295,-2.4461520447103364
0.4789104559757502,0.18080364899751059,1.62966655963591,-0.465756329166091,-0.0744547430169748,-0.502496806700159
0.6916060569921635,0.45861439496289846,1.0278179446219142,0.30379091209111136,0.6440776323150916,1.0502062443332978
1.227210384845313,0.4322527062310244,0.4860964474625888,-0.1169630616020969,0.8876706052687034,-0.6475496732063596
-0.027233491237436125,0.012651457071305092,0.07442924932128586,-0.09761770488696696,0.48247958990633927,-0.1596921893008928
-0.11573742288675581,-0.19003334407380512,0.47835219467518925,-0.7048125487109634,0.4145889756109842,-0.026397391416288583
-0.7231888408281136,-0.8420897155225554,0.2431465729017671,1.3759346894217264,0.005988889892585515,0.6507100464941554
-1.046657942415277,-0.561513313555827,0.9402352823279053,0.4166497944647849,-1.0300148876477413,0.9137844198033415
-0.6164713060635725,0.7985173712277653,1.0669035868989254,-0.14002916768462645,-1.093525700586656,1.8029143127899634
1.145211293639228,1.0025992188695123,-1.10115914040052,-0.07944612811222863,0.038396418187193845,-0.8990281020830461
0.5195478089318143,0.021795280771899163,-1.0417672498517034,2.141915604511432,0.17178666114268215,1.150494064987229
0.7654493510552247,-3.296684563390122e-05,-0.06310023655107741,0.7356124133356597,1.191097334708927,1.1483005138719846
1.2346443370534512,0.10988141081788591,-0.6598933052665512,-0.31339277511917174,-0.9813800677605866,0.47713233360806717
0.8199908378484085,-0.9583087823436871,-0.6746107474425388,-0.5437910271003072,-1.2850217056242956,0.4317641561733662
-0.037870207748768744,-0.056195183494705196,0.349653409811106,0.008002122595644225,0.7081099477449608,-0.43541597992881853
-1.3347960295694206,0.47200095114007135,0.5726552681383613,-0.15414609269559476,0.301942606283348,-0.7329127005276491
-2.8689247745023922,0.9926815635322729,-0.14963437438777116,-0.5543652508357185,0.9337387095031497,-0.03217670277193095
-1.4925083131271082,0.9588491427699348,0.33598531390015085,1.8965345745345625,0.1413459380091436,-0.4818668444560283
-2.6542357268307617,1.6100427056480038,-1.1055809148095366,1.16552881172615,-0.43269979353218574,0.09655787794964221
-2.047992405613782,1.5578696181762763,-0.32712579518744944,2.0044817131121633,1.2187509966377663,1.9205378184713033
-0.9676011782481793,1.1599741817555753,-1.6597526227763075,0.7102705936033871,0.4465134692062033,1.1828213660147113
-0.21683727349036416,0.5929450762993158,-3.485027417409806,-0.5152748640321481,0.40044697301734444,1.4669772640690364
-1.3390833067505215,1.6676398497372364,-1.6623951626160796,1.2243779370831123,-1.8666260787006883,0.7050969140720407
-0.5737566155501035,1.3880531891621402,-1.0857270419708405,0.3357363177514746,-0.9463405258199903,-1.080642508897596
-1.890777212923273,1.47446499214477,-1.3924899147055771,-0.25116247102283334,1.0911964645729848,-0.08636250333976195
-0.9041833535129757,0.9400921020339238,-1.093656457297954,0.5989891671327305,0.4054739451461345,0.961477658671203
-0.5391069502422654,1.6412160066782606,-0.6885250621401384,1.574641544415913,0.1382609848982043,-0.3129289149454532
0.2405228046295885,1.2923524309347012,-0.8110140992244137,1.608090422004769,0.10901880715170832,0.5285458107229832
-0.5317443020441808,1.2058860208688333,-0.8702827323604352,1.3857671212106282,0.05716892809714625,0.6968669002686237
-0.8233772969400165,0.6806773862508199,0.6917189922494423,2.3426226364267855,0.7106350437638791,-0.24861416865653288
-1.0263724560473813,-0.22787399624490037,1.1145312432660808,0.9751106746144592,0.24724084416660244,0.711340644258819
-1.381716177272014,0.9413287371276041,0.4108600053594362,-0.8563341188337905,0.8957616163534391,0.5492594361279801
-0.34462666938498193,-0.23257641880147842,1.0747816148066869,-0.25060526624662377,0.27182594137360594,1.4213704758932173
-1.3740248223611784,1.2025373463909435,-1.2925829188866287,1.0441881800824173,1.3184803919145334,0.6738382494901316
-1.2685399649539397,1.0809686347900564,-0.44040782246456234,0.41755949198579206,-0.44058312968533386,-0.24205990958762189
-1.1373581403801916,1.2013333754477158,0.023797905474576372,0.447225379074984,0.29053049454278573,0.3733252004308082
-0.8455550781224896,0.5352169037414555,-0.5505062562351166,1.0452929779264795,1.4973234057210607,-1.1713740509451862
-0.13857829189021417,-0.6633250194571577,-0.7990371283826694,-0.6669611382938117,1.2493103737821467,1.2338406632823264
-0.429244420320305,0.03136118301472234,-1.3688645022929844,-0.3106035436874007,1.7386839155426166,-0.17235133323691745
-0.9650995423968871,-0.9437944557951777,-0.4375330125487272,0.2802578118738148,0.22430023298291732,0.20016213482479278
-1.5128301888943305,-0.2588246736219696,-0.5354415967241745,-1.5981573811122753,-1.2091988205090203,-0.8891183904447062
-0.9080190572183932,0.8826269584584028,-0.4062480130205368,0.3641436034883806,-0.35244704009452615,-0.8622201614204367
-0.24190923265379902,0.6868136079700381,-1.710823770670568,-0.0316091261338285,0.7710685861919788,-0.0521706222818043
-0.5317200826700692,0.2423741428533923,-1.054580020193893,1.57174893881873,0.9694296359790524,1.0661699908907813
-1.649333135512358,0.37135755762634487,-0.29419587109625234,0.7809039773751806,0.31686225422340536,-1.154357528629239
-0.6621325949421643,0.7811194616408916,-0.8177183947157164,1.1126719806812064,2.3165682715648575,0.34315391789747524
-1.2084765554708907,1.6778066094566868,0.653643369715511,0.7851904127008839,1.1828866380460612,0.1134864557439035
0.5354850257168496,1.4738276167914728,0.753157324914613,0.9939759386107478,0.37537741734641933,0.031762943961505925
0.49037346184210623,2.5980016533567705,-0.6402505894390933,1.9285545816170868,-1.20461534512606,-1.487226176375118
-0.7689555821022125,1.6128597927894797,0.6764430581692306,1.2129172927535699,-0.9005469159265838,1.0016012945817858
-2.3784988073794286,1.4514271241404761,0.69063563045965,-0.028243214749879737,-0.956239778932119,2.263154762601601
-2.822506864991711,1.0377017582454833,-1.1211170814586044,0.4366369001454058,-0.4099153058177186,1.0608069505536322
-1.3137269338255027,1.3315353828925043,-1.0750688953536107,-0.6155657938366195,-0.755981985953213,1.0170021319121691
-1.240644272101746,1.2428251257951857,-0.7214761439163825,-2.1970526826006944,1.3494404147230723,0.9874536917647893
0.1779935013719468,1.702602701980583,-0.1618437346449076,0.7127989844874112,-0.18479705171670355,0.018553961356587014
-0.10032178373435614,1.0197325293917787,-0.3316281369977282,0.9801824451754525,-0.03745968620836038,-1.2233177788985938
-0.589596904659619,0.030462404031599832,-0.7506594090571053,0.01585305883231556,0.8501002177706429,0.6482836248988452
0.33875880531527053,-0.5673011411425947,-1.9656859486854998,-0.2880483596262073,0.5860116564508723,0.16915585495747493
0.4638985774853391,0.35316962505594895,-0.5717908682033122,-0.7640134022889619,1.7908676845194547,1.1268416983123042
1.9772158177034629,-0.6060819724708993,-0.47930215768623935,-0.14743513988660126,0.7322007479444202,-0.5292822314323362
1.6180320833881832,-1.2607501875342944,-1.6557311550531182,0.28855277481603414,0.3773857056326572,-0.00029183190122541314
0.28838193872440376,-2.2721324713604285,1.408575090842089,0.21271102161318695,0.5321117870105125,0.2321947827261348
0.5876908318560002,-0.9952755907961194,1.1222814186356118,-0.7196633576778231,-0.7946758787678575,0.4418704133274135
0.08411421887020983,-0.05228683470815785,0.13754317401675747,-1.0304403172854344,-1.7205210807222078,-0.06740142351050973
0.030484435921890686,0.06188859239292009,1.1917170904908692,0.40797546376306737,-0.19459451016696655,-1.017311922005704
0.12504659818044667,2.4799276746570706,0.34200364992980725,0.010335589671579541,0.3242643031984265,-1.3384098636386785
-0.07922344632945814,-0.021101658300616218,0.18252921436787514,1.0907129468606895,0.13010321521466348,0.6513780700751066
-0.4691257500748414,-0.0913571016832388,0.8019300592263382,0.23857057776860555,0.7026714825676762,-0.23217774072440142
-0.24012865393992772,0.15118201088622416,0.3754356752180527,-0.29585213001374533,0.018512326225493807,-1.8376201860960677
0.8506230272119845,-0.1975428220175097,0.1283375301751778,-0.8497341581368499,1.7499765329572765,0.47400177802449617
1.1380500411863987,-0.21140014520417336,0.09018324367953072,0.5653009278064942,0.33329290698715996,1.9147897241027683
0.5990388793492628,0.16796107893173398,0.3496803341008107,1.2835825329344916,0.017798145581640328,-0.9258883435465626
0.06511278736415585,-0.3322014454156322,0.6274622473171462,0.8758185250726417,-0.21493754291534176,-0.2158525677413159
-0.9807399400291753,-0.2546829648438638,1.7297703726558176,-0.7837956636594413,-1.8541347577991616,0.22152735784626107
0.5179439340643045,0.6006297334279277,0.8016801827126816,-0.22407404641613873,-1.0119379607029246,0.6849757732497364
0.2124574688278158,0.1542301687211178,-1.3996152433586673,-0.28619293544911245,-1.065412216236288,-0.9860834557629804
0.386064466612464,0.10791781992021193,-0.9592385677695942,0.5051778583414476,-0.7191503389301793,-0.8492009451064282
0.896817757419403,0.47305070430082324,1.4077867800797834,0.9390283691495803,-0.29338549534395114,-0.21288510667677701
-0.32945967226611517,-1.1334725260767202,0.5299369931010344,-0.09058960967463932,-0.19034560677676637,0.7495719907779281
0.7197108495224533,-0.3893689228019393,2.4338791845205816,-0.560571409368187,-0.08482102321815956,1.6119226897263184
1.9817110219635532,1.0962967037140552,0.27410034733121835,-1.6531742237146976,1.5595231050604446,1.4945589542500406
1.123542720479419,-1.9829771884956218,1.9515384359163133,1.2909458265204308,1.3837463271730666,-1.3023029785315743
0.6156112844422985,-2.3037362199474005,1.6513122713148138,0.8885685521896458,0.25358013327132795,-1.8113445320995332
-1.08912828370732,-1.0836382842485504,0.33012582225382414,-1.0043436368316832,-1.0387954324081727,-0.8713197370542245
-1.6642908448974298,-1.5451934731170287,1.3804934034114043,-0.4224392464802834,-0.868031621305958,1.7333136333666488
-1.4529324823551453,0.36953442782484336,0.2827646544382638,-1.1972061255714872,-1.5693269223000614,-0.3795224438109104
-0.5209490540098486,0.20903197053086597,-0.580863811167176,-0.7798886036757086,-0.7771297165897991,-0.2248520917984915
-0.9478820219800668,1.0645074564012127,-1.3408802729651834,0.4182852676649764,-0.07661563698663097,-0.4772468304820084
-0.28019217498139004,1.4662068247473377,0.08411640902048838,1.4930011320165344,0.6792237347893731,0.13079957977604648
-0.28892785891835565,1.096813060238802,-0.5393221082651456,0.6230076953473459,0.42279464000849387,0.6191108528319522
-0.7685034016631418,0.9501677314106383,-0.2015680940319117,0.5146258387969255,0.22850671107007436,0.7480506605573567
0.3549790122346998,-0.3607610559377702,0.37581399870275256,-0.7004627680589276,0.9288965316964533,0.027699877848137204
-0.8907228443729887,0.684027358304906,-1.3773274871391827,-1.0115119156043286,-0.6229220308889976,-0.039878096917947706
