t,dataset,seed
0,S1_indirect_conditional,7
1,S1_indirect_conditional,7
2,S1_indirect_conditional,7
3,S1_indirect_conditional,7
4,S1_indirect_conditional,7
5,S1_indirect_conditional,7
6,S1_indirect_conditional,7
7,S1_indirect_conditional,7
8,S1_indirect_conditional,7
9,S1_indirect_conditional,7
10,S1_indirect_conditional,7
11,S1_indirect_conditional,7
12,S1_indirect_conditional,7
13,S1_indirect_conditional,7
14,S1_indirect_conditional,7
15,S1_indirect_conditional,7
16,S1_indirect_conditional,7
17,S1_indirect_conditional,7
18,S1_indirect_conditional,7
19,S1_indirect_conditional,7
20,S1_indirect_conditional,7
21,S1_indirect_conditional,7
22,S1_indirect_conditional,7
23,S1_indirect_conditional,7
24,S1_indirect_conditional,7
25,S1_indirect_conditional,7
26,S1_indirect_conditional,7
27,S1_indirect_conditional,7
28,S1_indirect_conditional,7
29,S1_indirect_conditional,7
30,S1_indirect_conditional,7
31,S1_indirect_conditional,7
32,S1_indirect_conditional,7
33,S1_indirect_conditional,7
34,S1_indirect_conditional,7
35,S1_indirect_conditional,7
36,S1_indirect_conditional,7
37,S1_indirect_conditional,7
38,S1_indirect_conditional,7
39,S1_indirect_conditional,7
40,S1_indirect_conditional,7
41,S1_indirect_conditional,7
42,S1_indirect_conditional,7
43,S1_indirect_conditional,7
44,S1_indirect_conditional,7
45,S1_indirect_conditional,7
46,S1_indirect_conditional,7
47,S1_indirect_conditional,7
48,S1_indirect_conditional,7
49,S1_indirect_conditional,7
50,S1_indirect_conditional,7
51,S1_indirect_conditional,7
52,S1_indirect_conditional,7
53,S1_indirect_conditional,7
54,S1_indirect_conditional,7
55,S1_indirect_conditional,7
56,S1_indirect_conditional,7
57,S1_indirect_conditional,7
58,S1_indirect_conditional,7
59,S1_indirect_conditional,7
60,S1_indirect_conditional,7
61,S1_indirect_conditional,7
62,S1_indirect_conditional,7
63,S1_indirect_conditional,7
64,S1_indirect_conditional,7
65,S1_indirect_conditional,7
66,S1_indirect_conditional,7
67,S1_indirect_conditional,7
68,S1_indirect_conditional,7
69,S1_indirect_conditional,7
70,S1_indirect_conditional,7
71,S1_indirect_conditional,7
72,S1_indirect_conditional,7
73,S1_indirect_conditional,7
74,S1_indirect_conditional,7
75,S1_indirect_conditional,7
76,S1_indirect_conditional,7
77,S1_indirect_conditional,7
78,S1_indirect_conditional,7
79,S1_indirect_conditional,7
80,S1_indirect_conditional,7
81,S1_indirect_conditional,7
82,S1_indirect_conditional,7
83,S1_indirect_conditional,7
84,S1_indirect_conditional,7
85,S1_indirect_conditional,7
86,S1_indirect_conditional,7
87,S1_indirect_conditional,7
88,S1_indirect_conditional,7
89,S1_indirect_conditional,7
90,S1_indirect_conditional,7
91,S1_indirect_conditional,7
92,S1_indirect_conditional,7
93,S1_indirect_conditional,7
94,S1_indirect_conditional,7
95,S1_indirect_conditional,7
96,S1_indirect_conditional,7
97,S1_indirect_conditional,7
98,S1_indirect_conditional,7
99,S1_indirect_conditional,7
100,S1_indirect_conditional,7
101,S1_indirect_conditional,7
102,S1_indirect_conditional,7
103,S1_indirect_conditional,7
104,S1_indirect_conditional,7
105,S1_indirect_conditional,7
106,S1_indirect_conditional,7
107,S1_indirect_conditional,7
108,S1_indirect_conditional,7
109,S1_indirect_conditional,7
110,S1_indirect_conditional,7
111,S1_indirect_conditional,7
112,S1_indirect_conditional,7
113,S1_indirect_conditional,7
114,S1_indirect_conditional,7
115,S1_indirect_conditional,7
116,S1_indirect_conditional,7
117,S1_indirect_conditional,7
118,S1_indirect_conditional,7
119,S1_indirect_conditional,7
120,S1_indirect_conditional,7
121,S1_indirect_conditional,7
122,S1_indirect_conditional,7
123,S1_indirect_conditional,7
124,S1_indirect_conditional,7
125,S1_indirect_conditional,7
126,S1_indirect_conditional,7
127,S1_indirect_conditional,7
128,S1_indirect_conditional,7
129,S1_indirect_conditional,7
130,S1_indirect_conditional,7
131,S1_indirect_conditional,7
132,S1_indirect_conditional,7
133,S1_indirect_conditional,7
134,S1_indirect_conditional,7
135,S1_indirect_conditional,7
136,S1_indirect_conditional,7
137,S1_indirect_conditional,7
138,S1_indirect_conditional,7
139,S1_indirect_conditional,7
140,S1_indirect_conditional,7
141,S1_indirect_conditional,7
142,S1_indirect_conditional,7
143,S1_indirect_conditional,7
144,S1_indirect_conditional,7
145,S1_indirect_conditional,7
146,S1_indirect_conditional,7
147,S1_indirect_conditional,7
148,S1_indirect_conditional,7
149,S1_indirect_conditional,7
150,S1_indirect_conditional,7
151,S1_indirect_conditional,7
152,S1_indirect_conditional,7
153,S1_indirect_conditional,7
154,S1_indirect_conditional,7
155,S1_indirect_conditional,7
156,S1_indirect_conditional,7
157,S1_indirect_conditional,7
158,S1_indirect_conditional,7
159,S1_indirect_conditional,7
160,S1_indirect_conditional,7
161,S1_indirect_conditional,7
162,S1_indirect_conditional,7
163,S1_indirect_conditional,7
164,S1_indirect_conditional,7
165,S1_indirect_conditional,7
166,S1_indirect_conditional,7
167,S1_indirect_conditional,7
168,S1_indirect_conditional,7
169,S1_indirect_conditional,7
170,S1_indirect_conditional,7
171,S1_indirect_conditional,7
172,S1_indirect_conditional,7
173,S1_indirect_conditional,7
174,S1_indirect_conditional,7
175,S1_indirect_conditional,7
176,S1_indirect_conditional,7
177,S1_indirect_conditional,7
178,S1_indirect_conditional,7
179,S1_indirect_conditional,7
180,S1_indirect_conditional,7
181,S1_indirect_conditional,7
182,S1_indirect_conditional,7
183,S1_indirect_conditional,7
184,S1_indirect_conditional,7
185,S1_indirect_conditional,7
186,S1_indirect_conditional,7
187,S1_indirect_conditional,7
188,S1_indirect_conditional,7
189,S1_indirect_conditional,7
190,S1_indirect_conditional,7
191,S1_indirect_conditional,7
192,S1_indirect_conditional,7
193,S1_indirect_conditional,7
194,S1_indirect_conditional,7
195,S1_indirect_conditional,7
196,S1_indirect_conditional,7
197,S1_indirect_conditional,7
198,S1_indirect_conditional,7
199,S1_indirect_conditional,7
200,S1_indirect_conditional,7
201,S1_indirect_conditional,7
202,S1_indirect_conditional,7
203,S1_indirect_conditional,7
204,S1_indirect_conditional,7
205,S1_indirect_conditional,7
206,S1_indirect_conditional,7
207,S1_indirect_conditional,7
208,S1_indirect_conditional,7
209,S1_indirect_conditional,7
210,S1_indirect_conditional,7
211,S1_indirect_conditional,7
212,S1_indirect_conditional,7
213,S1_indirect_conditional,7
214,S1_indirect_conditional,7
215,S1_indirect_conditional,7
216,S1_indirect_conditional,7
217,S1_indirect_conditional,7
218,S1_indirect_conditional,7
219,S1_indirect_conditional,7
220,S1_indirect_conditional,7
221,S1_indirect_conditional,7
222,S1_indirect_conditional,7
223,S1_indirect_conditional,7
224,S1_indirect_conditional,7
225,S1_indirect_conditional,7
226,S1_indirect_conditional,7
227,S1_indirect_conditional,7
228,S1_indirect_conditional,7
229,S1_indirect_conditional,7
230,S1_indirect_conditional,7
231,S1_indirect_conditional,7
232,S1_indirect_conditional,7
233,S1_indirect_conditional,7
234,S1_indirect_conditional,7
235,S1_indirect_conditional,7
236,S1_indirect_conditional,7
237,S1_indirect_conditional,7
238,S1_indirect_conditional,7
239,S1_indirect_conditional,7
240,S1_indirect_conditional,7
241,S1_indirect_conditional,7
242,S1_indirect_conditional,7
243,S1_indirect_conditional,7
244,S1_indirect_conditional,7
245,S1_indirect_conditional,7
246,S1_indirect_conditional,7
247,S1_indirect_conditional,7
248,S1_indirect_conditional,7
249,S1_indirect_conditional,7
250,S1_indirect_conditional,7
251,S1_indirect_conditional,7
252,S1_indirect_conditional,7
253,S1_indirect_conditional,7
254,S1_indirect_conditional,7
255,S1_indirect_conditional,7
256,S1_indirect_conditional,7
257,S1_indirect_conditional,7
258,S1_indirect_conditional,7
259,S1_indirect_conditional,7
260,S1_indirect_conditional,7
261,S1_indirect_conditional,7
262,S1_indirect_conditional,7
263,S1_indirect_conditional,7
264,S1_indirect_conditional,7
265,S1_indirect_conditional,7
266,S1_indirect_conditional,7
267,S1_indirect_conditional,7
268,S1_indirect_conditional,7
269,S1_indirect_conditional,7
270,S1_indirect_conditional,7
271,S1_indirect_conditional,7
272,S1_indirect_conditional,7
273,S1_indirect_conditional,7
274,S1_indirect_conditional,7
275,S1_indirect_conditional,7
276,S1_indirect_conditional,7
277,S1_indirect_conditional,7
278,S1_indirect_conditional,7
279,S1_indirect_conditional,7
280,S1_indirect_conditional,7
281,S1_indirect_conditional,7
282,S1_indirect_conditional,7
283,S1_indirect_conditional,7
284,S1_indirect_conditional,7
285,S1_indirect_conditional,7
286,S1_indirect_conditional,7
287,S1_indirect_conditional,7
288,S1_indirect_conditional,7
289,S1_indirect_conditional,7
290,S1_indirect_conditional,7
291,S1_indirect_conditional,7
292,S1_indirect_conditional,7
293,S1_indirect_conditional,7
294,S1_indirect_conditional,7
295,S1_indirect_conditional,7
296,S1_indirect_conditional,7
297,S1_indirect_conditional,7
298,S1_indirect_conditional,7
299,S1_indirect_conditional,7
300,S1_indirect_conditional,7
301,S1_indirect_conditional,7
302,S1_indirect_conditional,7
303,S1_indirect_conditional,7
304,S1_indirect_conditional,7
305,S1_indirect_conditional,7
306,S1_indirect_conditional,7
307,S1_indirect_conditional,7
308,S1_indirect_conditional,7
309,S1_indirect_conditional,7
310,S1_indirect_conditional,7
311,S1_indirect_conditional,7
312,S1_indirect_conditional,7
313,S1_indirect_conditional,7
314,S1_indirect_conditional,7
315,S1_indirect_conditional,7
316,S1_indirect_conditional,7
317,S1_indirect_conditional,7
318,S1_indirect_conditional,7
319,S1_indirect_conditional,7
320,S1_indirect_conditional,7
321,S1_indirect_conditional,7
322,S1_indirect_conditional,7
323,S1_indirect_conditional,7
324,S1_indirect_conditional,7
325,S1_indirect_conditional,7
326,S1_indirect_conditional,7
327,S1_indirect_conditional,7
328,S1_indirect_conditional,7
329,S1_indirect_conditional,7
330,S1_indirect_conditional,7
331,S1_indirect_conditional,7
332,S1_indirect_conditional,7
333,S1_indirect_conditional,7
334,S1_indirect_conditional,7
335,S1_indirect_conditional,7
336,S1_indirect_conditional,7
337,S1_indirect_conditional,7
338,S1_indirect_conditional,7
339,S1_indirect_conditional,7
340,S1_indirect_conditional,7
341,S1_indirect_conditional,7
342,S1_indirect_conditional,7
343,S1_indirect_conditional,7
344,S1_indirect_conditional,7
345,S1_indirect_conditional,7
346,S1_indirect_conditional,7
347,S1_indirect_conditional,7
348,S1_indirect_conditional,7
349,S1_indirect_conditional,7
350,S1_indirect_conditional,7
351,S1_indirect_conditional,7
352,S1_indirect_conditional,7
353,S1_indirect_conditional,7
354,S1_indirect_conditional,7
355,S1_indirect_conditional,7
356,S1_indirect_conditional,7
357,S1_indirect_conditional,7
358,S1_indirect_conditional,7
359,S1_indirect_conditional,7
360,S1_indirect_conditional,7
361,S1_indirect_conditional,7
362,S1_indirect_conditional,7
363,S1_indirect_conditional,7
364,S1_indirect_conditional,7
365,S1_indirect_conditional,7
366,S1_indirect_conditional,7
367,S1_indirect_conditional,7
368,S1_indirect_conditional,7
369,S1_indirect_conditional,7
370,S1_indirect_conditional,7
371,S1_indirect_conditional,7
372,S1_indirect_conditional,7
373,S1_indirect_conditional,7
374,S1_indirect_conditional,7
375,S1_indirect_conditional,7
376,S1_indirect_conditional,7
377,S1_indirect_conditional,7
378,S1_indirect_conditional,7
379,S1_indirect_conditional,7
380,S1_indirect_conditional,7
381,S1_indirect_conditional,7
382,S1_indirect_conditional,7
383,S1_indirect_conditional,7
384,S1_indirect_conditional,7
385,S1_indirect_conditional,7
386,S1_indirect_conditional,7
387,S1_indirect_conditional,7
388,S1_indirect_conditional,7
389,S1_indirect_conditional,7
390,S1_indirect_conditional,7
391,S1_indirect_conditional,7
392,S1_indirect_conditional,7
393,S1_indirect_conditional,7
394,S1_indirect_conditional,7
395,S1_indirect_conditional,7
396,S1_indirect_conditional,7
397,S1_indirect_conditional,7
398,S1_indirect_conditional,7
399,S1_indirect_conditional,7
400,S1_indirect_conditional,7
401,S1_indirect_conditional,7
402,S1_indirect_conditional,7
403,S1_indirect_conditional,7
404,S1_indirect_conditional,7
405,S1_indirect_conditional,7
406,S1_indirect_conditional,7
407,S1_indirect_conditional,7
408,S1_indirect_conditional,7
409,S1_indirect_conditional,7
410,S1_indirect_conditional,7
411,S1_indirect_conditional,7
412,S1_indirect_conditional,7
413,S1_indirect_conditional,7
414,S1_indirect_conditional,7
415,S1_indirect_conditional,7
416,S1_indirect_conditional,7
417,S1_indirect_conditional,7
418,S1_indirect_conditional,7
419,S1_indirect_conditional,7
420,S1_indirect_conditional,7
421,S1_indirect_conditional,7
422,S1_indirect_conditional,7
423,S1_indirect_conditional,7
424,S1_indirect_conditional,7
425,S1_indirect_conditional,7
426,S1_indirect_conditional,7
427,S1_indirect_conditional,7
428,S1_indirect_conditional,7
429,S1_indirect_conditional,7
430,S1_indirect_conditional,7
431,S1_indirect_conditional,7
432,S1_indirect_conditional,7
433,S1_indirect_conditional,7
434,S1_indirect_conditional,7
435,S1_indirect_conditional,7
436,S1_indirect_conditional,7
437,S1_indirect_conditional,7
438,S1_indirect_conditional,7
439,S1_indirect_conditional,7
440,S1_indirect_conditional,7
441,S1_indirect_conditional,7
442,S1_indirect_conditional,7
443,S1_indirect_conditional,7
444,S1_indirect_conditional,7
445,S1_indirect_conditional,7
446,S1_indirect_conditional,7
447,S1_indirect_conditional,7
448,S1_indirect_conditional,7
449,S1_indirect_conditional,7
450,S1_indirect_conditional,7
451,S1_indirect_conditional,7
452,S1_indirect_conditional,7
453,S1_indirect_conditional,7
454,S1_indirect_conditional,7
455,S1_indirect_conditional,7
456,S1_indirect_conditional,7
457,S1_indirect_conditional,7
458,S1_indirect_conditional,7
459,S1_indirect_conditional,7
460,S1_indirect_conditional,7
461,S1_indirect_conditional,7
462,S1_indirect_conditional,7
463,S1_indirect_conditional,7
464,S1_indirect_conditional,7
465,S1_indirect_conditional,7
466,S1_indirect_conditional,7
467,S1_indirect_conditional,7
468,S1_indirect_conditional,7
469,S1_indirect_conditional,7
470,S1_indirect_conditional,7
471,S1_indirect_conditional,7
472,S1_indirect_conditional,7
473,S1_indirect_conditional,7
474,S1_indirect_conditional,7
475,S1_indirect_conditional,7
476,S1_indirect_conditional,7
477,S1_indirect_conditional,7
478,S1_indirect_conditional,7
479,S1_indirect_conditional,7
480,S1_indirect_conditional,7
481,S1_indirect_conditional,7
482,S1_indirect_conditional,7
483,S1_indirect_conditional,7
484,S1_indirect_conditional,7
485,S1_indirect_conditional,7
486,S1_indirect_conditional,7
487,S1_indirect_conditional,7
488,S1_indirect_conditional,7
489,S1_indirect_conditional,7
490,S1_indirect_conditional,7
491,S1_indirect_conditional,7
492,S1_indirect_conditional,7
493,S1_indirect_conditional,7
494,S1_indirect_conditional,7
495,S1_indirect_conditional,7
496,S1_indirect_conditional,7
497,S1_indirect_conditional,7
498,S1_indirect_conditional,7
499,S1_indirect_conditional,7
